{
    "train_loss": [
        0.5892945038250514,
        0.48922351162774225,
        0.44199252254622323,
        0.4224168011120388,
        0.4035616579736982,
        0.3873686945438385,
        0.3692935987881252,
        0.34864796241692136,
        0.3057252256359373,
        0.2785148651770183,
        0.2580273918083736,
        0.244098031776292,
        0.23876696681976317,
        0.23045323813813073,
        0.22395960352250507,
        0.21621962384666715,
        0.20558593542660986,
        0.20203139655930655,
        0.1996263190124716,
        0.1917519303560257,
        0.19400058776991708,
        0.19480610191396305,
        0.19281423329029765,
        0.2015582881442138,
        0.21139300649506707,
        0.19705565739529474,
        0.17812254439081465,
        0.18485918412889754,
        0.23139707627892495,
        0.22662491992541722,
        0.19153815694366183,
        0.17272304845707756,
        0.16681915655732155,
        0.161069284341165,
        0.1529362802548068,
        0.14898416888500962,
        0.14708417981011526,
        0.14230438542791776,
        0.1385625465597425,
        0.13980497778952122,
        0.13787537020231996,
        0.13580985270653453,
        0.1318085072849478,
        0.13086870641899961,
        0.13115316650697162,
        0.12806278410128186,
        0.12526177429620708,
        0.12172519096519266,
        0.12270554918689387,
        0.1225383761865752
    ],
    "train_acc": [
        0.7002857142857143,
        0.7805714285714286,
        0.8017857142857143,
        0.8101428571428572,
        0.8166428571428571,
        0.8217142857142857,
        0.824,
        0.8303571428571429,
        0.86,
        0.8808571428571429,
        0.8881428571428571,
        0.8916428571428572,
        0.8977142857142857,
        0.902,
        0.9052142857142857,
        0.9112857142857143,
        0.9137142857142857,
        0.9189285714285714,
        0.9222142857142858,
        0.9235714285714286,
        0.9289285714285714,
        0.9285714285714286,
        0.9304285714285714,
        0.9233571428571429,
        0.9182857142857143,
        0.9252142857142858,
        0.9305,
        0.9256428571428571,
        0.9042857142857142,
        0.9076428571428572,
        0.9297142857142857,
        0.9348571428571428,
        0.9372142857142857,
        0.9377142857142857,
        0.9417142857142857,
        0.9418571428571428,
        0.9412857142857143,
        0.9427857142857143,
        0.9453571428571429,
        0.9465714285714286,
        0.9451428571428572,
        0.9458571428571428,
        0.9475714285714286,
        0.9487142857142857,
        0.9468571428571428,
        0.9477142857142857,
        0.951,
        0.9508571428571428,
        0.9511428571428572,
        0.9507142857142857
    ],
    "val_loss": [
        0.5106845517158508,
        0.44846734150250755,
        0.4174063715140025,
        0.4036081895828247,
        0.3793035886287689,
        0.37192715644836427,
        0.3513153699239095,
        0.2918410437107086,
        0.25543814690907796,
        0.24452925475438436,
        0.2484298214117686,
        0.2205156955718994,
        0.21520596313476562,
        0.24285432116190592,
        0.210636981010437,
        0.21054863699277243,
        0.25567640078067777,
        0.19302593489487965,
        0.1908082552353541,
        0.2388352388938268,
        0.1940040964682897,
        0.22000553135077158,
        0.20130652034282684,
        0.18175238505999247,
        0.2189607054789861,
        0.20235041958093644,
        0.17468179168303807,
        0.1810512248078982,
        0.20913303442796072,
        0.30069904963175453,
        0.16814098862806956,
        0.20054267529646555,
        0.18368612825870514,
        0.17959551221132278,
        0.1579981372753779,
        0.16300860275824866,
        0.1506428928176562,
        0.15529198518395423,
        0.1687945202489694,
        0.14136471728483835,
        0.14214226294557253,
        0.13247689171632132,
        0.14131451208392778,
        0.14053019864360491,
        0.13227022581299147,
        0.13627947538594404,
        0.1292090876797835,
        0.13463885814944904,
        0.14007833614448706,
        0.1351167875379324
    ],
    "val_acc": [
        0.7696666666666667,
        0.7983333333333333,
        0.8126666666666666,
        0.819,
        0.8276666666666667,
        0.8266666666666667,
        0.828,
        0.872,
        0.8976666666666666,
        0.898,
        0.897,
        0.9093333333333333,
        0.9116666666666666,
        0.902,
        0.9173333333333333,
        0.92,
        0.9123333333333333,
        0.9246666666666666,
        0.927,
        0.9156666666666666,
        0.931,
        0.9253333333333333,
        0.931,
        0.9336666666666666,
        0.9166666666666666,
        0.9253333333333333,
        0.9323333333333333,
        0.9323333333333333,
        0.9103333333333333,
        0.905,
        0.9386666666666666,
        0.9376666666666666,
        0.9323333333333333,
        0.9393333333333334,
        0.944,
        0.9443333333333334,
        0.945,
        0.945,
        0.938,
        0.95,
        0.9486666666666667,
        0.947,
        0.9443333333333334,
        0.945,
        0.948,
        0.9483333333333334,
        0.9503333333333334,
        0.9496666666666667,
        0.9523333333333334,
        0.949
    ]
}