{
    "train_loss": [
        0.35790401761872426,
        0.18111621991509483,
        0.16643983645571603,
        0.1621276703316068,
        0.15420774373080995,
        0.1497507752177734,
        0.15172152410234724,
        0.1483468848216155,
        0.14826815651901185,
        0.14880716925433704
    ],
    "train_acc": [
        0.8411904761904762,
        0.9427619047619048,
        0.9464126984126984,
        0.9463968253968253,
        0.9496349206349206,
        0.9502857142857143,
        0.9497142857142857,
        0.9511428571428572,
        0.9513333333333334,
        0.9496984126984127
    ],
    "val_loss": [
        0.07251237937169415,
        0.06626059687563352,
        0.07627063157161076,
        0.06501860860273952,
        0.074365226795276,
        0.07206334879497688,
        0.06622846669810159,
        0.06520778796431564,
        0.07161277791006225,
        0.0634680276839506
    ],
    "val_acc": [
        0.9741904761904762,
        0.9740952380952381,
        0.9734285714285714,
        0.9753333333333334,
        0.974,
        0.9745714285714285,
        0.975047619047619,
        0.9748571428571429,
        0.9743809523809523,
        0.975047619047619
    ]
}