{
    "train_loss": [
        0.10350454631176861,
        0.09232190701636402,
        0.09250910086523403,
        0.0905820530707186,
        0.0928184968856248,
        0.1034566766132008,
        0.10207561774145472,
        0.10627927981181579,
        0.11165358014540239,
        0.11104382077130405,
        0.11197545605897903,
        0.11285062076828696,
        0.11417798081853173,
        0.10949553596431559,
        0.11621583037484776,
        0.104806087103757,
        0.1074827481508255,
        0.10849345822767778,
        0.10789314699172974,
        0.10951014511964538,
        0.10905947752432389,
        0.1077842534455386,
        0.11041301789608869,
        0.10394551468979228,
        0.10888509364019741,
        0.10708682325753299,
        0.10505062086473811,
        0.09918166340481151,
        0.10375535832751881,
        0.10415991051630541,
        0.1089956942579963,
        0.10537328405271877,
        0.10467444004524838
    ],
    "train_acc": [
        0.9452727272727273,
        0.9501818181818181,
        0.9485454545454546,
        0.9520909090909091,
        0.9520909090909091,
        0.9525454545454546,
        0.952,
        0.9520909090909091,
        0.9521818181818181,
        0.9507272727272728,
        0.9518181818181818,
        0.951,
        0.9501818181818181,
        0.9519090909090909,
        0.9490909090909091,
        0.9510909090909091,
        0.953,
        0.9515454545454546,
        0.952,
        0.9517272727272728,
        0.9515454545454546,
        0.9508181818181818,
        0.9530909090909091,
        0.9540909090909091,
        0.9524545454545454,
        0.9513636363636364,
        0.9535454545454546,
        0.9532727272727273,
        0.9539090909090909,
        0.9513636363636364,
        0.9485454545454546,
        0.9527272727272728,
        0.9501818181818181
    ],
    "val_loss": [
        0.06816006262194027,
        0.06871143051169136,
        0.07214155069806359,
        0.07629483399066057,
        0.08303937009789727,
        0.09482145309448242,
        0.08161752801049839,
        0.0890287433564663,
        0.08962872845205394,
        0.08766673078591174,
        0.09484469134699215,
        0.08885453710501844,
        0.08736460916020654,
        0.08865584988485684,
        0.08248303314501589,
        0.09273042517629537,
        0.08204765224998647,
        0.08249293698505922,
        0.0817301705479622,
        0.08411446717652407,
        0.09005695666779172,
        0.08371354220943017,
        0.08250872075557708,
        0.08052451225844297,
        0.08081297375939109,
        0.08106385308233174,
        0.0822533836148002,
        0.07981941915371202,
        0.0817936286194758,
        0.08445901236750863,
        0.08169952872124585,
        0.08156952517953786,
        0.07940662252632054
    ],
    "val_acc": [
        0.9531818181818181,
        0.9559090909090909,
        0.9527272727272728,
        0.9581818181818181,
        0.9490909090909091,
        0.9568181818181818,
        0.9559090909090909,
        0.9572727272727273,
        0.9559090909090909,
        0.9572727272727273,
        0.9522727272727273,
        0.9568181818181818,
        0.955,
        0.9527272727272728,
        0.9572727272727273,
        0.9572727272727273,
        0.9559090909090909,
        0.9590909090909091,
        0.9568181818181818,
        0.9572727272727273,
        0.9559090909090909,
        0.9572727272727273,
        0.9577272727272728,
        0.9563636363636364,
        0.9586363636363636,
        0.9577272727272728,
        0.9559090909090909,
        0.9572727272727273,
        0.9554545454545454,
        0.9559090909090909,
        0.955,
        0.9568181818181818,
        0.9554545454545454
    ]
}